<?xml version="1.0" encoding="UTF-8"?>
<akomaNtoso xmlns:akn4un="http://un.org/metadata" xmlns:eLUNa="https://cms.unov.org/eLuna/2017/main" xmlns:html="http://www.w3.org/1999/xhtml" xmlns="http://docs.oasis-open.org/legaldocml/ns/akn/3.0">
   <statement name="decision">
      <meta>
         <identification source="#source">
            <FRBRWork>
               <FRBRthis value="/akn/un/statement/deliberation/whoeb/2011-05-25/eb129-5/!main"/>
               <FRBRuri value="/akn/un/statement/deliberation/whoeb/2011-05-25/eb129-5"/>
               <FRBRdate date="2011-05-25" name=""/>
               <FRBRauthor href="#whoeb" as="#author"/>
               <FRBRcountry value="un"/>
               <FRBRnumber value="eb129-5"/>
            </FRBRWork>
            <FRBRExpression>
               <FRBRthis value="/akn/un/statement/deliberation/whoeb/2011-05-25/eb129-5/eng@/!main"/>
               <FRBRuri value="/akn/un/statement/deliberation/whoeb/2011-05-25/eb129-5/eng@"/>
               <FRBRdate date="2011-05-25" name=""/>
               <FRBRauthor href="#whoeb" as="#author"/>
               <FRBRlanguage language="eng"/>
            </FRBRExpression>
            <FRBRManifestation>
               <FRBRthis value="/akn/un/statement/deliberation/whoeb/2011-05-25/eb129-5/eng@/!main.xml"/>
               <FRBRuri value="/akn/un/statement/deliberation/whoeb/2011-05-25/eb129-5/eng@.xml"/>
               <FRBRdate date="2023-08-23" name=""/>
               <FRBRauthor href="#whoeb" as="#author"/>
            </FRBRManifestation>
         </identification>
         <references source="#source">
            <TLCOrganization eId="wfpExecutiveBoard" href="/akn/ontology/organization/un/wfpExecutiveBoard" showAs="Executive Board"/>
            <TLCOrganization eId="worldHealthAssembly" href="/akn/ontology/organization/un/worldHealthAssembly" showAs="World Health Assembly"/>
            <TLCOrganization eId="morocco" href="/akn/ontology/organization/un/morocco" showAs="Morocco"/>
            <TLCOrganization eId="japan" href="/akn/ontology/organization/un/japan" showAs="Japan"/>
            <TLCOrganization eId="norway" href="/akn/ontology/organization/un/norway" showAs="Norway"/>
            <TLCOrganization eId="senegal" href="/akn/ontology/organization/un/senegal" showAs="Senegal"/>
            <TLCOrganization eId="ecuador" href="/akn/ontology/organization/un/ecuador" showAs="Ecuador"/>
            <TLCEvent href="/akn/ontology/event/whoha/secondMeeting" eId="secondMeeting" showAs="Second meeting"/>
            <TLCPerson eId="source" href="/akn/ontology/person/somebody" showAs="somebody"/>
         </references>
         <proprietary source="#source">
            <akn4un:session>EB129</akn4un:session>
         </proprietary>
      </meta>
      <preface>
         <p>
            <docNumber>EB129(5)</docNumber>
            <docTitle>Appointment of representatives of the <organization refersTo="#wfpExecutiveBoard" eId="organization_1">Executive Board</organization> at the Sixty-fifth <organization refersTo="#worldHealthAssembly" eId="organization_2">World Health Assembly</organization>
            </docTitle>
         </p>
      </preface>
      <mainBody>
         <paragraph eId="para_1">
            <content eId="para_1__content">
               <p>
                  <inline name="#enactingFormula">The <organization refersTo="#wfpExecutiveBoard" eId="organization_3">Executive Board</organization>,</inline>
in accordance with paragraph 1 of resolution <ref href="/akn/un/statement/deliberation/whoeb/0000-00-00/eb59_r7/!main">EB59.R7</ref>, appointed its Chairman, Mr Rahhal El Makkaoui (<organization refersTo="#morocco" eId="organization_4">Morocco</organization>), and its first three Vice-Chairmen, Mrs Madalena Hanjam Soares (Timor‑Leste), Dr Shigeru Omi (<organization refersTo="#japan" eId="organization_5">Japan</organization>) and Mr Bjorn-Inge Larsen (<organization refersTo="#norway" eId="organization_6">Norway</organization>), to represent the <organization refersTo="#wfpExecutiveBoard" eId="organization_7">Executive Board</organization> at the Sixty-fifth <organization refersTo="#worldHealthAssembly" eId="organization_8">World Health Assembly</organization>. It was understood that if any of those members were not available for the Health Assembly, the other Vice-Chairman, Dr Boubacar Samba Dankoko (<organization refersTo="#senegal" eId="organization_9">Senegal</organization>) and the Rapporteur, Dr David Chiriboga (<organization refersTo="#ecuador" eId="organization_10">Ecuador</organization>), could be asked to represent the Board.
</p>
            </content>
         </paragraph>
      </mainBody>
      <conclusions>
         <p>(<event refersTo="#secondMeeting" eId="event_1">Second meeting</event>, <docDate date="2011-05-25">25 May 2011</docDate>)</p>
      </conclusions>
   </statement>
</akomaNtoso>