<?xml version="1.0" encoding="UTF-8"?>
<akomaNtoso xmlns:akn4un="http://un.org/metadata" xmlns:eLUNa="https://cms.unov.org/eLuna/2017/main"
   xmlns:html="http://www.w3.org/1999/xhtml"
   xmlns="http://docs.oasis-open.org/legaldocml/ns/akn/3.0">
   <statement name="decision">
      <meta>
         <identification source="#source">
            <FRBRWork>
               <FRBRthis value="/akn/un/statement/deliberation/whoeb/2015-05-27/eb137-1/!main"/>
               <FRBRuri value="/akn/un/statement/deliberation/whoeb/2015-05-27/eb137-1"/>
               <FRBRdate date="2015-05-27" name=""/>
               <FRBRauthor href="#whoeb" as="#author"/>
               <FRBRcountry value="un"/>
               <FRBRnumber value="eb137-1"/>
            </FRBRWork>
            <FRBRExpression>
               <FRBRthis value="/akn/un/statement/deliberation/whoeb/2015-05-27/eb137-1/eng@/!main"/>
               <FRBRuri value="/akn/un/statement/deliberation/whoeb/2015-05-27/eb137-1/eng@"/>
               <FRBRdate date="2015-05-27" name=""/>
               <FRBRauthor href="#whoeb" as="#author"/>
               <FRBRlanguage language="eng"/>
            </FRBRExpression>
            <FRBRManifestation>
               <FRBRthis
                  value="/akn/un/statement/deliberation/whoeb/2015-05-27/eb137-1/eng@/!main.xml"/>
               <FRBRuri value="/akn/un/statement/deliberation/whoeb/2015-05-27/eb137-1/eng@.xml"/>
               <FRBRdate date="2023-08-04" name=""/>
               <FRBRauthor href="#whoeb" as="#author"/>
            </FRBRManifestation>
         </identification>
         <references source="#source">
            <TLCOrganization eId="faoprogrammecommittee"
               href="/akn/ontology/organization/un/faoprogrammecommittee" showAs="Programme"/>
            <TLCTerm eId="concerned" href="/akn/ontology/term/concerned" showAs="concerned"/>
            <TLCOrganization eId="wfpExecutiveBoard"
               href="/akn/ontology/organization/un/wfpExecutiveBoard" showAs="Executive Board"/>
            <TLCOrganization eId="argentina" href="/akn/ontology/organization/un/argentina"
               showAs="Argentina"/>
            <TLCOrganization eId="usa" href="/akn/ontology/organization/un/usa"
               showAs="United States of America"/>
            <TLCOrganization eId="thailand" href="/akn/ontology/organization/un/thailand"
               showAs="Thailand"/>
            <TLCOrganization eId="france" href="/akn/ontology/organization/un/france"
               showAs="France"/>
            <TLCOrganization eId="kuwait" href="/akn/ontology/organization/un/kuwait"
               showAs="Kuwait"/>
            <TLCOrganization eId="korearep" href="/akn/ontology/organization/un/korearep"
               showAs="Republic of Korea"/>
            <TLCOrganization eId="democraticRepublicOfTheCongo"
               href="/akn/ontology/organization/un/democraticRepublicOfTheCongo"
               showAs="Democratic Republic of the Congo"/>
            <TLCOrganization eId="gambia" href="/akn/ontology/organization/un/gambia"
               showAs="Gambia"/>
            <TLCOrganization eId="nepal" href="/akn/ontology/organization/un/nepal" showAs="Nepal"/>
            <TLCOrganization eId="uk" href="/akn/ontology/organization/un/uk"
               showAs="United Kingdom"/>
            <TLCOrganization eId="ireland" href="/akn/ontology/organization/un/ireland"
               showAs="Ireland"/>
            <TLCOrganization eId="saudiArabia" href="/akn/ontology/organization/un/saudiArabia"
               showAs="Saudi Arabia"/>
            <TLCOrganization eId="china" href="/akn/ontology/organization/un/china" showAs="China"/>
            <TLCOrganization eId="southAfrica" href="/akn/ontology/organization/un/southAfrica"
               showAs="South Africa"/>
            <TLCOrganization eId="andorra" href="/akn/ontology/organization/un/andorra"
               showAs="Andorra"/>
            <TLCEvent href="/akn/ontology/event/whoha/secondMeeting" eId="secondMeeting"
               showAs="Second meeting"/>
            <TLCPerson eId="source" href="/akn/ontology/person/somebody" showAs="somebody"/>
         </references>
         <proprietary source="#source">
            <akn4un:session>EB137</akn4un:session>
         </proprietary>
      </meta>
      <preface>
         <p>
            <docNumber>EB137(1)</docNumber>
            <docTitle>Membership of the <organization refersTo="#faoprogrammecommittee"
                  eId="organization_1">Programme</organization>, Budget and Administration
               Committee</docTitle>
         </p>
      </preface>
      <mainBody>
         <paragraph eId="para_1">
            <content eId="para_1__content">
               <p>
                  <inline name="#enactingFormula">The <organization refersTo="#wfpExecutiveBoard"
                        eId="organization_2">Executive Board</organization> appointed as members of
                     the <organization refersTo="#faoprogrammecommittee" eId="organization_3"
                        >Programme</organization>, Budget and Administration Committee Dr Andrea
                     Carbone (<organization refersTo="#argentina" eId="organization_4"
                        >Argentina</organization>), Dr Thomas Frieden (<organization refersTo="#usa"
                        eId="organization_5">United States of America</organization>), Dr
                     PhusitPrakongsai (<organization refersTo="#thailand" eId="organization_6"
                        >Thailand</organization>), Professor BenoîtVallet (<organization
                        refersTo="#france" eId="organization_7">France</organization>), Dr AliSaad
                     Al-Obaidi (<organization refersTo="#kuwait" eId="organization_8"
                        >Kuwait</organization>) and Dr Jeon Man-bok ( <organization
                        refersTo="#korearep" eId="organization_9">Republic of Korea</organization>)
                     for a two-year period or until expiry of their membership on the Board,
                     whichever is first, in addition to Dr Blanchard MukengeshayiKupa (<organization
                        refersTo="#democraticRepublicOfTheCongo" eId="organization_10">Democratic
                        Republic of the Congo</organization>), Mr Omar Sey (<organization
                        refersTo="#gambia" eId="organization_11">Gambia</organization>), Mr Khaga
                     Raj Adhikari (<organization refersTo="#nepal" eId="organization_12"
                        >Nepal</organization>), Mrs Kathryn Tyson (<organization refersTo="#uk"
                        eId="organization_13">United Kingdom</organization> of Great Britain and
                     Northern <organization refersTo="#ireland" eId="organization_14"
                        >Ireland</organization>), Dr Abdullah bin MifrehAssiri (<organization
                        refersTo="#saudiArabia" eId="organization_15">Saudi Arabia</organization>)
                     and Ms Zhang Yang (<organization refersTo="#china" eId="organization_16"
                        >China</organization>) who were already members of the Committee. Ms
                     Precious Matsoso (<organization refersTo="#southAfrica" eId="organization_17"
                        >South Africa</organization>), Chairman of the Board, and Mr Josep M. Casals
                     Alis (<organization refersTo="#andorra" eId="organization_18"
                        >Andorra</organization>), Vice-Chairman of the Board, were appointed members
                     ex officio. It was understood that, if any of the Committee members were unable
                     to attend, except the two ex-officio members, his or her successor, or the
                     alternate member of the Board designated by the government <term
                        refersTo="#concerned" eId="term_1">concerned</term>, in accordance with Rule
                     2 of the Rules of Procedure of the <organization refersTo="#wfpExecutiveBoard"
                        eId="organization_19">Executive Board</organization>,</inline> would
                  participate in the work of the Committee. </p>
            </content>
         </paragraph>
      </mainBody>
      <conclusions>
         <p>(<event refersTo="#secondMeeting" eId="event_1">Second meeting</event>, <docDate
               date="2015-05-27">27 May 2015</docDate>)</p>
      </conclusions>
   </statement>
</akomaNtoso>
