<?xml version="1.0" encoding="UTF-8"?>
<akomaNtoso xmlns:akn4un="http://un.org/metadata" xmlns:eLUNa="https://cms.unov.org/eLuna/2017/main" xmlns:html="http://www.w3.org/1999/xhtml" xmlns="http://docs.oasis-open.org/legaldocml/ns/akn/3.0">
   <statement name="decision">
      <meta>
         <identification source="#source">
            <FRBRWork>
               <FRBRthis value="/akn/un/statement/deliberation/whoeb/2015-05-27/eb137-4/!main"/>
               <FRBRuri value="/akn/un/statement/deliberation/whoeb/2015-05-27/eb137-4"/>
               <FRBRdate date="2015-05-27" name=""/>
               <FRBRauthor href="#whoeb" as="#author"/>
               <FRBRcountry value="un"/>
               <FRBRnumber value="eb137-4"/>
            </FRBRWork>
            <FRBRExpression>
               <FRBRthis value="/akn/un/statement/deliberation/whoeb/2015-05-27/eb137-4/eng@/!main"/>
               <FRBRuri value="/akn/un/statement/deliberation/whoeb/2015-05-27/eb137-4/eng@"/>
               <FRBRdate date="2015-05-27" name=""/>
               <FRBRauthor href="#whoeb" as="#author"/>
               <FRBRlanguage language="eng"/>
            </FRBRExpression>
            <FRBRManifestation>
               <FRBRthis value="/akn/un/statement/deliberation/whoeb/2015-05-27/eb137-4/eng@/!main.xml"/>
               <FRBRuri value="/akn/un/statement/deliberation/whoeb/2015-05-27/eb137-4/eng@.xml"/>
               <FRBRdate date="2023-08-04" name=""/>
               <FRBRauthor href="#whoeb" as="#author"/>
            </FRBRManifestation>
         </identification>
         <references source="#source">
            <TLCOrganization eId="wfpExecutiveBoard" href="/akn/ontology/organization/un/wfpExecutiveBoard" showAs="Executive Board"/>
            <TLCOrganization eId="southAfrica" href="/akn/ontology/organization/un/southAfrica" showAs="South Africa"/>
            <TLCOrganization eId="newZealand" href="/akn/ontology/organization/un/newZealand" showAs="New Zealand"/>
            <TLCOrganization eId="brazil" href="/akn/ontology/organization/un/brazil" showAs="Brazil"/>
            <TLCEvent href="/akn/ontology/event/whoha/secondMeeting" eId="secondMeeting" showAs="Second meeting"/>
            <TLCPerson eId="source" href="/akn/ontology/person/somebody" showAs="somebody"/>
         </references>
         <proprietary source="#source">
            <akn4un:session>EB137</akn4un:session>
         </proprietary>
      </meta>
      <preface>
         <p>
            <docNumber>EB137(4)</docNumber>
            <docTitle>Membership of the Independent Expert Oversight Advisory Committee</docTitle>
         </p>
      </preface>
      <mainBody>
         <paragraph eId="para_1">
            <content eId="para_1__content">
               <p>
                  <inline name="#enactingFormula">The <organization refersTo="#wfpExecutiveBoard" eId="organization_1">Executive Board</organization>
                  </inline>noted the report contained in document <ref href="/akn/un/statement/deliberation/whoeb/0000-00-00/eb137/8 add_2/!main">EB137/8 Add.2</ref> on membership of the Independent Expert Oversight Advisory Committee and appointed Ms Jeya Wilson (<organization refersTo="#southAfrica" eId="organization_2">South Africa</organization> and <organization refersTo="#newZealand" eId="organization_3">New Zealand</organization>) and Mr Leonardo P. Gomes Pereira (<organization refersTo="#brazil" eId="organization_4">Brazil</organization>) as members of the Committee for a four-year non-renewable term of office, in accordance with resolution <ref href="/akn/un/statement/deliberation/whoeb/0000-00-00/eb125_r1/!main">EB125.R1</ref>, starting <date date="2016-05-01">May 2016</date>.
</p>
            </content>
         </paragraph>
      </mainBody>
      <conclusions>
         <p>(<event refersTo="#secondMeeting" eId="event_1">Second meeting</event>, <docDate date="2015-05-27">27 May 2015</docDate>)</p>
      </conclusions>
   </statement>
</akomaNtoso>