<?xml version="1.0" encoding="UTF-8"?>
<akomaNtoso xmlns:akn4un="http://un.org/metadata" xmlns:eLUNa="https://cms.unov.org/eLuna/2017/main" xmlns:html="http://www.w3.org/1999/xhtml" xmlns="http://docs.oasis-open.org/legaldocml/ns/akn/3.0">
   <statement name="decision">
      <meta>
         <identification source="#source">
            <FRBRWork>
               <FRBRthis value="/akn/un/statement/deliberation/whowha/2007-05-14/wha60-3/!main"/>
               <FRBRuri value="/akn/un/statement/deliberation/whowha/2007-05-14/wha60-3"/>
               <FRBRdate date="2007-05-14" name=""/>
               <FRBRauthor href="#whowha" as="#author"/>
               <FRBRcountry value="un"/>
               <FRBRnumber value="wha60-3"/>
            </FRBRWork>
            <FRBRExpression>
               <FRBRthis value="/akn/un/statement/deliberation/whowha/2007-05-14/wha60-3/eng@/!main"/>
               <FRBRuri value="/akn/un/statement/deliberation/whowha/2007-05-14/wha60-3/eng@"/>
               <FRBRdate date="2007-05-14" name=""/>
               <FRBRauthor href="#whowha" as="#author"/>
               <FRBRlanguage language="eng"/>
            </FRBRExpression>
            <FRBRManifestation>
               <FRBRthis value="/akn/un/statement/deliberation/whowha/2007-05-14/wha60-3/eng@/!main.xml"/>
               <FRBRuri value="/akn/un/statement/deliberation/whowha/2007-05-14/wha60-3/eng@.xml"/>
               <FRBRdate date="2023-08-23" name=""/>
               <FRBRauthor href="#whowha" as="#author"/>
            </FRBRManifestation>
         </identification>
         <references source="#source">
            <TLCOrganization eId="worldHealthAssembly" href="/akn/ontology/organization/un/worldHealthAssembly" showAs="World Health Assembly"/>
            <TLCTerm eId="considering" href="/akn/ontology/term/considering" showAs="considering"/>
            <TLCOrganization eId="australia" href="/akn/ontology/organization/un/australia" showAs="Australia"/>
            <TLCOrganization eId="ethiopia" href="/akn/ontology/organization/un/ethiopia" showAs="Ethiopia"/>
            <TLCOrganization eId="bahrain" href="/akn/ontology/organization/un/bahrain" showAs="Bahrain"/>
            <TLCOrganization eId="ireland" href="/akn/ontology/organization/un/ireland" showAs="Ireland"/>
            <TLCOrganization eId="korearep" href="/akn/ontology/organization/un/korearep" showAs="Republic of Korea"/>
            <TLCOrganization eId="ecuador" href="/akn/ontology/organization/un/ecuador" showAs="Ecuador"/>
            <TLCEvent href="/akn/ontology/event/whoha/firstPlenaryMeeting" eId="firstPlenaryMeeting" showAs="First plenary meeting"/>
            <TLCPerson eId="source" href="/akn/ontology/person/somebody" showAs="somebody"/>
         </references>
         <proprietary source="#source">
            <akn4un:session>WHA60</akn4un:session>
         </proprietary>
      </meta>
      <preface>
         <p>
            <docNumber>WHA60(3)</docNumber>
            <docTitle>Election of officers of the Sixtieth <organization refersTo="#worldHealthAssembly" eId="organization_1">World Health Assembly</organization>
            </docTitle>
         </p>
      </preface>
      <mainBody>
         <paragraph eId="para_1">
            <content eId="para_1__content">
               <p>
                  <inline name="#enactingFormula">The Sixtieth <organization refersTo="#worldHealthAssembly" eId="organization_2">World Health Assembly</organization>,</inline>
after <term refersTo="#considering" eId="term_1">considering</term> the recommendations of the Committee on Nominations, elected the following officers:
President: Ms J. Halton (<organization refersTo="#australia" eId="organization_3">Australia</organization>)
Vice-Presidents: Dr T. Adhanom (<organization refersTo="#ethiopia" eId="organization_4">Ethiopia</organization>)
Dr N.A. Haffadh (<organization refersTo="#bahrain" eId="organization_5">Bahrain</organization>)
Dr J. Kiely (<organization refersTo="#ireland" eId="organization_6">Ireland</organization>)
Mr Kye Chun Yong (Democratic People’s <organization refersTo="#korearep" eId="organization_7">Republic of Korea</organization>)
Dr C. Chang (<organization refersTo="#ecuador" eId="organization_8">Ecuador</organization>)
</p>
            </content>
         </paragraph>
      </mainBody>
      <conclusions>
         <p>(<event refersTo="#firstPlenaryMeeting" eId="event_1">First plenary meeting</event>, <docDate date="2007-05-14">14 May 2007</docDate>)</p>
      </conclusions>
   </statement>
</akomaNtoso>