<?xml version="1.0" encoding="UTF-8"?>
<akomaNtoso xmlns:akn4un="http://un.org/metadata" xmlns:eLUNa="https://cms.unov.org/eLuna/2017/main" xmlns:html="http://www.w3.org/1999/xhtml" xmlns="http://docs.oasis-open.org/legaldocml/ns/akn/3.0">
   <statement name="decision">
      <meta>
         <identification source="#source">
            <FRBRWork>
               <FRBRthis value="/akn/un/statement/deliberation/whowha/2007-05-17/wha60-4/!main"/>
               <FRBRuri value="/akn/un/statement/deliberation/whowha/2007-05-17/wha60-4"/>
               <FRBRdate date="2007-05-17" name=""/>
               <FRBRauthor href="#whowha" as="#author"/>
               <FRBRcountry value="un"/>
               <FRBRnumber value="wha60-4"/>
            </FRBRWork>
            <FRBRExpression>
               <FRBRthis value="/akn/un/statement/deliberation/whowha/2007-05-17/wha60-4/eng@/!main"/>
               <FRBRuri value="/akn/un/statement/deliberation/whowha/2007-05-17/wha60-4/eng@"/>
               <FRBRdate date="2007-05-17" name=""/>
               <FRBRauthor href="#whowha" as="#author"/>
               <FRBRlanguage language="eng"/>
            </FRBRExpression>
            <FRBRManifestation>
               <FRBRthis value="/akn/un/statement/deliberation/whowha/2007-05-17/wha60-4/eng@/!main.xml"/>
               <FRBRuri value="/akn/un/statement/deliberation/whowha/2007-05-17/wha60-4/eng@.xml"/>
               <FRBRdate date="2023-08-23" name=""/>
               <FRBRauthor href="#whowha" as="#author"/>
            </FRBRManifestation>
         </identification>
         <references source="#source">
            <TLCTerm eId="considering" href="/akn/ontology/term/considering" showAs="considering"/>
            <TLCOrganization eId="worldHealthAssembly" href="/akn/ontology/organization/un/worldHealthAssembly" showAs="World Health Assembly"/>
            <TLCOrganization eId="committeeA" href="/akn/ontology/organization/un/committeeA" showAs="Committee A"/>
            <TLCOrganization eId="madagascar" href="/akn/ontology/organization/un/madagascar" showAs="Madagascar"/>
            <TLCOrganization eId="committeeB" href="/akn/ontology/organization/un/committeeB" showAs="Committee B"/>
            <TLCOrganization eId="switzerland" href="/akn/ontology/organization/un/switzerland" showAs="Switzerland"/>
            <TLCEvent href="/akn/ontology/event/whoha/firstPlenaryMeeting" eId="firstPlenaryMeeting" showAs="First plenary meeting"/>
            <TLCEvent href="/akn/ontology/event/whoha/firstMeeting" eId="firstMeeting" showAs="First meeting"/>
            <TLCOrganization eId="jordan" href="/akn/ontology/organization/un/jordan" showAs="Jordan"/>
            <TLCOrganization eId="cambodia" href="/akn/ontology/organization/un/cambodia" showAs="Cambodia"/>
            <TLCOrganization eId="Honduras" href="/akn/ontology/organization/un/Honduras" showAs="Honduras"/>
            <TLCOrganization eId="trinidadAndTobago" href="/akn/ontology/organization/un/trinidadAndTobago" showAs="Trinidad and Tobago"/>
            <TLCOrganization eId="maldives" href="/akn/ontology/organization/un/maldives" showAs="Maldives"/>
            <TLCOrganization eId="saudiArabia" href="/akn/ontology/organization/un/saudiArabia" showAs="Saudi Arabia"/>
            <TLCPerson eId="source" href="/akn/ontology/person/somebody" showAs="somebody"/>
         </references>
         <proprietary source="#source">
            <akn4un:session>WHA60</akn4un:session>
         </proprietary>
      </meta>
      <preface>
         <p>
            <docNumber>WHA60(4)</docNumber>
            <docTitle>Election of officers of the main committees</docTitle>
         </p>
      </preface>
      <mainBody>
         <paragraph eId="para_1">
            <content eId="para_1__content">
               <p>
                  <inline name="#enactingFormula">The Sixtieth <organization refersTo="#worldHealthAssembly" eId="organization_1">World Health Assembly</organization>,</inline>
after <term refersTo="#considering" eId="term_1">considering</term> the recommendations of the Committee on Nominations, elected the following officers of the main committees:
<organization refersTo="#committeeA" eId="organization_2">Committee A</organization>: Chairman Dr R.R. Jean Louis (<organization refersTo="#madagascar" eId="organization_3">Madagascar</organization>)
<organization refersTo="#committeeB" eId="organization_4">Committee B</organization>: Chairman Mr T. Zeltner (<organization refersTo="#switzerland" eId="organization_5">Switzerland</organization>)
</p>
            </content>
         </paragraph>
      </mainBody>
      <conclusions>
         <p>(<event refersTo="#firstPlenaryMeeting" eId="event_1">First plenary meeting</event>, <docDate date="2007-05-14">14 May 2007</docDate>)
The main committees subsequently elected the following officers:
<organization refersTo="#committeeA" eId="organization_6">Committee A</organization>: Vice-Chairmen: Dr A. Balbisi (<organization refersTo="#jordan" eId="organization_7">Jordan</organization>)
Professor Eng Huot (<organization refersTo="#cambodia" eId="organization_8">Cambodia</organization>)
Rapporteur: Mrs G. Bu Figueroa (<organization refersTo="#Honduras" eId="organization_9">Honduras</organization>)
<organization refersTo="#committeeB" eId="organization_10">Committee B</organization>: Vice-Chairmen: Mr D. Francis (<organization refersTo="#trinidadAndTobago" eId="organization_11">Trinidad and Tobago</organization>)
Dr A.A. Yoosuf (<organization refersTo="#maldives" eId="organization_12">Maldives</organization>)
Rapporteur: Mr H. Bin M. Al-Fakheri (<organization refersTo="#saudiArabia" eId="organization_13">Saudi Arabia</organization>)
(<event refersTo="#firstMeeting" eId="event_2">First meeting</event> of <organization refersTo="#committeeA" eId="organization_14">Committee A</organization>, <docDate date="2007-05-15">15 May 2007</docDate>;
first and second meetings of <organization refersTo="#committeeB" eId="organization_15">Committee B</organization>, 16 and <docDate date="2007-05-17">17 May 2007</docDate>)</p>
      </conclusions>
   </statement>
</akomaNtoso>