<?xml version="1.0" encoding="UTF-8"?>
<akomaNtoso xmlns:akn4un="http://un.org/metadata" xmlns:eLUNa="https://cms.unov.org/eLuna/2017/main" xmlns:html="http://www.w3.org/1999/xhtml" xmlns="http://docs.oasis-open.org/legaldocml/ns/akn/3.0">
   <statement name="resolution">
      <meta>
         <identification source="#source">
            <FRBRWork>
               <FRBRthis value="/akn/un/statement/deliberation/whowha/2007-05-21/wha60_7/!main"/>
               <FRBRuri value="/akn/un/statement/deliberation/whowha/2007-05-21/wha60_7"/>
               <FRBRdate date="2007-05-21" name=""/>
               <FRBRauthor href="#whowha" as="#author"/>
               <FRBRcountry value="un"/>
               <FRBRnumber value="wha60_7"/>
            </FRBRWork>
            <FRBRExpression>
               <FRBRthis value="/akn/un/statement/deliberation/whowha/2007-05-21/wha60_7/eng@/!main"/>
               <FRBRuri value="/akn/un/statement/deliberation/whowha/2007-05-21/wha60_7/eng@"/>
               <FRBRdate date="2007-05-21" name=""/>
               <FRBRauthor href="#whowha" as="#author"/>
               <FRBRlanguage language="eng"/>
            </FRBRExpression>
            <FRBRManifestation>
               <FRBRthis value="/akn/un/statement/deliberation/whowha/2007-05-21/wha60_7/eng@/!main.xml"/>
               <FRBRuri value="/akn/un/statement/deliberation/whowha/2007-05-21/wha60_7/eng@.xml"/>
               <FRBRdate date="2023-08-23" name=""/>
               <FRBRauthor href="#whowha" as="#author"/>
            </FRBRManifestation>
         </identification>
         <references source="#source">
            <TLCOrganization eId="worldHealthAssembly" href="/akn/ontology/organization/un/worldHealthAssembly" showAs="World Health Assembly"/>
            <TLCTerm eId="resolves" href="/akn/ontology/term/resolves" showAs="RESOLVES"/>
            <TLCOrganization eId="india" href="/akn/ontology/organization/un/india" showAs="India"/>
            <TLCOrganization eId="who" href="/akn/ontology/organization/un/who" showAs="World Health Organization"/>
            <TLCEvent href="/akn/ontology/event/whoha/ninthPlenaryMeeting" eId="ninthPlenaryMeeting" showAs="Ninth plenary meeting"/>
            <TLCOrganization eId="committeeB" href="/akn/ontology/organization/un/committeeB" showAs="Committee B"/>
            <TLCPerson eId="source" href="/akn/ontology/person/somebody" showAs="somebody"/>
         </references>
      </meta>
      <preface>
         <p>
            <docNumber>WHA60.7</docNumber>
            <docTitle>Appointment of the External Auditor</docTitle>
         </p>
      </preface>
      <preamble>
         <formula name="enactingFormula">
            <p>The Sixtieth <organization refersTo="#worldHealthAssembly" eId="organization_1">World Health Assembly</organization>,</p>
         </formula>
      </preamble>
      <mainBody>
         <paragraph eId="para_1">
            <content eId="para_1__content">
               <p>
                  <term refersTo="#resolves" eId="term_1">RESOLVES</term> that Comptroller and Auditor-General of <organization refersTo="#india" eId="organization_2">India</organization> shall be appointed External Auditor of the accounts of the <organization refersTo="#who" eId="organization_3">World Health Organization</organization> for the financial periods 2008–2009 and 2010–2011, that he shall audit in accordance with the principles incorporated in Regulation XIV of the Financial Regulations and the Appendix to the Financial Regulations, and that, should the need arise, he may designate a representative to act in his absence.</p>
            </content>
         </paragraph>
      </mainBody>
      <conclusions>
         <p>(<event refersTo="#ninthPlenaryMeeting" eId="event_1">Ninth plenary meeting</event>, <docDate date="2007-05-21">21 May 2007</docDate> –<organization refersTo="#committeeB" eId="organization_4">Committee B</organization>, first report)</p>
      </conclusions>
   </statement>
</akomaNtoso>