<?xml version="1.0" encoding="UTF-8"?>
<akomaNtoso xmlns:akn4un="http://un.org/metadata" xmlns:eLUNa="https://cms.unov.org/eLuna/2017/main" xmlns:html="http://www.w3.org/1999/xhtml" xmlns="http://docs.oasis-open.org/legaldocml/ns/akn/3.0">
   <statement name="decision">
      <meta>
         <identification source="#source">
            <FRBRWork>
               <FRBRthis value="/akn/un/statement/deliberation/whowha/2007-05-21/wha60-9/!main"/>
               <FRBRuri value="/akn/un/statement/deliberation/whowha/2007-05-21/wha60-9"/>
               <FRBRdate date="2007-05-21" name=""/>
               <FRBRauthor href="#whowha" as="#author"/>
               <FRBRcountry value="un"/>
               <FRBRnumber value="wha60-9"/>
            </FRBRWork>
            <FRBRExpression>
               <FRBRthis value="/akn/un/statement/deliberation/whowha/2007-05-21/wha60-9/eng@/!main"/>
               <FRBRuri value="/akn/un/statement/deliberation/whowha/2007-05-21/wha60-9/eng@"/>
               <FRBRdate date="2007-05-21" name=""/>
               <FRBRauthor href="#whowha" as="#author"/>
               <FRBRlanguage language="eng"/>
            </FRBRExpression>
            <FRBRManifestation>
               <FRBRthis value="/akn/un/statement/deliberation/whowha/2007-05-21/wha60-9/eng@/!main.xml"/>
               <FRBRuri value="/akn/un/statement/deliberation/whowha/2007-05-21/wha60-9/eng@.xml"/>
               <FRBRdate date="2023-08-23" name=""/>
               <FRBRauthor href="#whowha" as="#author"/>
            </FRBRManifestation>
         </identification>
         <references source="#source">
            <TLCOrganization eId="unitedNations" href="/akn/ontology/organization/un/unitedNations" showAs="United Nations"/>
            <TLCOrganization eId="who" href="/akn/ontology/organization/un/who" showAs="WHO"/>
            <TLCOrganization eId="worldHealthAssembly" href="/akn/ontology/organization/un/worldHealthAssembly" showAs="World Health Assembly"/>
            <TLCOrganization eId="canada" href="/akn/ontology/organization/un/canada" showAs="Canada"/>
            <TLCOrganization eId="maldives" href="/akn/ontology/organization/un/maldives" showAs="Maldives"/>
            <TLCEvent href="/akn/ontology/event/whoha/ninthPlenaryMeeting" eId="ninthPlenaryMeeting" showAs="Ninth plenary meeting"/>
            <TLCPerson eId="source" href="/akn/ontology/person/somebody" showAs="somebody"/>
         </references>
         <proprietary source="#source">
            <akn4un:session>WHA60</akn4un:session>
         </proprietary>
      </meta>
      <preface>
         <p>
            <docNumber>WHA60(9)</docNumber>
            <docTitle>United Nations Joint Staff Pension Fund: appointment of representatives to the <organization refersTo="#who" eId="organization_2">WHO</organization> Staff Pension Committee</docTitle>
         </p>
      </preface>
      <mainBody>
         <paragraph eId="para_1">
            <content eId="para_1__content">
               <p>
                  <inline name="#enactingFormula">The Sixtieth <organization refersTo="#worldHealthAssembly" eId="organization_3">World Health Assembly</organization>
                  </inline>nominated Dr J. Larivière of the delegation of <organization refersTo="#canada" eId="organization_4">Canada</organization> as a member, and Dr A.A. Yoosuf of the delegation of <organization refersTo="#maldives" eId="organization_5">Maldives</organization> as an alternate member, of the <organization refersTo="#who" eId="organization_6">WHO</organization> Staff Pension Committee for a three-year term until <date date="2010-05-01">May 2010</date>.
</p>
            </content>
         </paragraph>
      </mainBody>
      <conclusions>
         <p>(<event refersTo="#ninthPlenaryMeeting" eId="event_1">Ninth plenary meeting</event>, <docDate date="2007-05-21">21 May 2007</docDate>)</p>
      </conclusions>
   </statement>
</akomaNtoso>