<?xml version="1.0" encoding="UTF-8"?>
<akomaNtoso xmlns:akn4un="http://un.org/metadata" xmlns:eLUNa="https://cms.unov.org/eLuna/2017/main" xmlns:html="http://www.w3.org/1999/xhtml" xmlns="http://docs.oasis-open.org/legaldocml/ns/akn/3.0">
   <statement name="decision">
      <meta>
         <identification source="#source">
            <FRBRWork>
               <FRBRthis value="/akn/un/statement/deliberation/whowha/2007-05-23/wha60-11/!main"/>
               <FRBRuri value="/akn/un/statement/deliberation/whowha/2007-05-23/wha60-11"/>
               <FRBRdate date="2007-05-23" name=""/>
               <FRBRauthor href="#whowha" as="#author"/>
               <FRBRcountry value="un"/>
               <FRBRnumber value="wha60-11"/>
            </FRBRWork>
            <FRBRExpression>
               <FRBRthis value="/akn/un/statement/deliberation/whowha/2007-05-23/wha60-11/eng@/!main"/>
               <FRBRuri value="/akn/un/statement/deliberation/whowha/2007-05-23/wha60-11/eng@"/>
               <FRBRdate date="2007-05-23" name=""/>
               <FRBRauthor href="#whowha" as="#author"/>
               <FRBRlanguage language="eng"/>
            </FRBRExpression>
            <FRBRManifestation>
               <FRBRthis value="/akn/un/statement/deliberation/whowha/2007-05-23/wha60-11/eng@/!main.xml"/>
               <FRBRuri value="/akn/un/statement/deliberation/whowha/2007-05-23/wha60-11/eng@.xml"/>
               <FRBRdate date="2023-08-23" name=""/>
               <FRBRauthor href="#whowha" as="#author"/>
            </FRBRManifestation>
         </identification>
         <references source="#source">
            <TLCOrganization eId="worldHealthAssembly" href="/akn/ontology/organization/un/worldHealthAssembly" showAs="World Health Assembly"/>
            <TLCOrganization eId="switzerland" href="/akn/ontology/organization/un/switzerland" showAs="Switzerland"/>
            <TLCEvent href="/akn/ontology/event/whoha/eleventhPlenaryMeeting" eId="eleventhPlenaryMeeting" showAs="Eleventh plenary meeting"/>
            <TLCPerson eId="source" href="/akn/ontology/person/somebody" showAs="somebody"/>
         </references>
         <proprietary source="#source">
            <akn4un:session>WHA60</akn4un:session>
         </proprietary>
      </meta>
      <preface>
         <p>
            <docNumber>WHA60(11)</docNumber>
            <docTitle>Selection of the country in which the Sixty-first <organization refersTo="#worldHealthAssembly" eId="organization_1">World Health Assembly</organization> would be held</docTitle>
         </p>
      </preface>
      <preamble>
         <formula name="enactingFormula">
            <p>The Sixtieth <organization refersTo="#worldHealthAssembly" eId="organization_2">World Health Assembly</organization>,</p>
         </formula>
         <p>
in accordance with Article 14 of the Constitution, </p>
      </preamble>
      <mainBody>
         <paragraph eId="para_1">
            <content eId="para_1__content">
               <p>decided that the Sixty-first <organization refersTo="#worldHealthAssembly" eId="organization_3">World Health Assembly</organization> would be held in <organization refersTo="#switzerland" eId="organization_4">Switzerland</organization>.</p>
            </content>
         </paragraph>
      </mainBody>
      <conclusions>
         <p>(<event refersTo="#eleventhPlenaryMeeting" eId="event_1">Eleventh plenary meeting</event>, <docDate date="2007-05-23">23 May 2007</docDate>)</p>
      </conclusions>
   </statement>
</akomaNtoso>