<?xml version="1.0" encoding="UTF-8"?>
<akomaNtoso xmlns:akn4un="http://un.org/metadata" xmlns:eLUNa="https://cms.unov.org/eLuna/2017/main" xmlns:html="http://www.w3.org/1999/xhtml" xmlns="http://docs.oasis-open.org/legaldocml/ns/akn/3.0">
   <statement name="decision">
      <meta>
         <identification source="#source">
            <FRBRWork>
               <FRBRthis value="/akn/un/statement/deliberation/whowha/2007-05-14/wha60-6/!main"/>
               <FRBRuri value="/akn/un/statement/deliberation/whowha/2007-05-14/wha60-6"/>
               <FRBRdate date="2007-05-14" name=""/>
               <FRBRauthor href="#whowha" as="#author"/>
               <FRBRcountry value="un"/>
               <FRBRnumber value="wha60-6"/>
            </FRBRWork>
            <FRBRExpression>
               <FRBRthis value="/akn/un/statement/deliberation/whowha/2007-05-14/wha60-6/eng@/!main"/>
               <FRBRuri value="/akn/un/statement/deliberation/whowha/2007-05-14/wha60-6/eng@"/>
               <FRBRdate date="2007-05-14" name=""/>
               <FRBRauthor href="#whowha" as="#author"/>
               <FRBRlanguage language="eng"/>
            </FRBRExpression>
            <FRBRManifestation>
               <FRBRthis value="/akn/un/statement/deliberation/whowha/2007-05-14/wha60-6/eng@/!main.xml"/>
               <FRBRuri value="/akn/un/statement/deliberation/whowha/2007-05-14/wha60-6/eng@.xml"/>
               <FRBRdate date="2023-08-23" name=""/>
               <FRBRauthor href="#whowha" as="#author"/>
            </FRBRManifestation>
         </identification>
         <references source="#source">
            <TLCTerm eId="adopted" href="/akn/ontology/term/adopted" showAs="adopted"/>
            <TLCOrganization eId="worldHealthAssembly" href="/akn/ontology/organization/un/worldHealthAssembly" showAs="World Health Assembly"/>
            <TLCOrganization eId="wfpExecutiveBoard" href="/akn/ontology/organization/un/wfpExecutiveBoard" showAs="Executive Board"/>
            <TLCEvent href="/akn/ontology/event/whoha/secondPlenaryMeeting" eId="secondPlenaryMeeting" showAs="Second plenary meeting"/>
            <TLCPerson eId="source" href="/akn/ontology/person/somebody" showAs="somebody"/>
         </references>
         <proprietary source="#source">
            <akn4un:session>WHA60</akn4un:session>
         </proprietary>
      </meta>
      <preface>
         <p>
            <docNumber>WHA60(6)</docNumber>
            <docTitle>Adoption of the agenda</docTitle>
         </p>
      </preface>
      <mainBody>
         <paragraph eId="para_1">
            <content eId="para_1__content">
               <p>
                  <inline name="#enactingFormula">The Sixtieth <organization refersTo="#worldHealthAssembly" eId="organization_1">World Health Assembly</organization>
                     <term refersTo="#adopted" eId="term_1">adopted</term> the provisional agenda prepared by the <organization refersTo="#wfpExecutiveBoard" eId="organization_2">Executive Board</organization>
                  </inline>at its 120th session with the deletion of one item and one subitem.
</p>
            </content>
         </paragraph>
      </mainBody>
      <conclusions>
         <p>(<event refersTo="#secondPlenaryMeeting" eId="event_1">Second plenary meeting</event>, <docDate date="2007-05-14">14 May 2007</docDate>)</p>
      </conclusions>
   </statement>
</akomaNtoso>