<?xml version="1.0" encoding="UTF-8"?>
<akomaNtoso xmlns:akn4un="http://un.org/metadata" xmlns:eLUNa="https://cms.unov.org/eLuna/2017/main" xmlns:html="http://www.w3.org/1999/xhtml" xmlns="http://docs.oasis-open.org/legaldocml/ns/akn/3.0">
   <statement name="decision">
      <meta>
         <identification source="#source">
            <FRBRWork>
               <FRBRthis value="/akn/un/statement/deliberation/whowha/2007-05-23/wha60-10/!main"/>
               <FRBRuri value="/akn/un/statement/deliberation/whowha/2007-05-23/wha60-10"/>
               <FRBRdate date="2007-05-23" name=""/>
               <FRBRauthor href="#whowha" as="#author"/>
               <FRBRcountry value="un"/>
               <FRBRnumber value="wha60-10"/>
            </FRBRWork>
            <FRBRExpression>
               <FRBRthis value="/akn/un/statement/deliberation/whowha/2007-05-23/wha60-10/eng@/!main"/>
               <FRBRuri value="/akn/un/statement/deliberation/whowha/2007-05-23/wha60-10/eng@"/>
               <FRBRdate date="2007-05-23" name=""/>
               <FRBRauthor href="#whowha" as="#author"/>
               <FRBRlanguage language="eng"/>
            </FRBRExpression>
            <FRBRManifestation>
               <FRBRthis value="/akn/un/statement/deliberation/whowha/2007-05-23/wha60-10/eng@/!main.xml"/>
               <FRBRuri value="/akn/un/statement/deliberation/whowha/2007-05-23/wha60-10/eng@.xml"/>
               <FRBRdate date="2023-08-23" name=""/>
               <FRBRauthor href="#whowha" as="#author"/>
            </FRBRManifestation>
         </identification>
         <references source="#source">
            <TLCOrganization eId="worldHealthAssembly" href="/akn/ontology/organization/un/worldHealthAssembly" showAs="World Health Assembly"/>
            <TLCOrganization eId="wfpExecutiveBoard" href="/akn/ontology/organization/un/wfpExecutiveBoard" showAs="Executive Board"/>
            <TLCOrganization eId="director-general" href="/akn/ontology/organization/un/director-general" showAs="Director-General"/>
            <TLCEvent href="/akn/ontology/event/whoha/eleventhPlenaryMeeting" eId="eleventhPlenaryMeeting" showAs="Eleventh plenary meeting"/>
            <TLCPerson eId="source" href="/akn/ontology/person/somebody" showAs="somebody"/>
         </references>
         <proprietary source="#source">
            <akn4un:session>WHA60</akn4un:session>
         </proprietary>
      </meta>
      <preface>
         <p>
            <docNumber>WHA60(10)</docNumber>
            <docTitle>Evidence-based strategies and interventions to reduce alcohol-related harm</docTitle>
         </p>
      </preface>
      <preamble>
         <formula name="enactingFormula">
            <p>The Sixtieth <organization refersTo="#worldHealthAssembly" eId="organization_1">World Health Assembly</organization>
            </p>
         </formula>
      </preamble>
      <mainBody>
         <paragraph eId="para_1">
            <content eId="para_1__content">
               <p>decided that an item entitled “Strategies to reduce the harmful use of alcohol” and related documents discussed at the Health Assembly should be included in the agenda of the <organization refersTo="#wfpExecutiveBoard" eId="organization_2">Executive Board</organization> at its 122nd session to be held in <date date="2008-01-01">January 2008</date>, and requested the <organization refersTo="#director-general" eId="organization_3">Director-General</organization>, in the interim, to continue her work on this matter.</p>
            </content>
         </paragraph>
      </mainBody>
      <conclusions>
         <p>(<event refersTo="#eleventhPlenaryMeeting" eId="event_1">Eleventh plenary meeting</event>, <docDate date="2007-05-23">23 May 2007</docDate>)</p>
      </conclusions>
   </statement>
</akomaNtoso>