<?xml version="1.0" encoding="UTF-8"?>
<akomaNtoso xmlns:akn4un="http://un.org/metadata" xmlns:eLUNa="https://cms.unov.org/eLuna/2017/main" xmlns:html="http://www.w3.org/1999/xhtml" xmlns="http://docs.oasis-open.org/legaldocml/ns/akn/3.0">
   <statement name="decision">
      <meta>
         <identification source="#source">
            <FRBRWork>
               <FRBRthis value="/akn/un/statement/deliberation/whowha/2007-05-23/wha60-12/!main"/>
               <FRBRuri value="/akn/un/statement/deliberation/whowha/2007-05-23/wha60-12"/>
               <FRBRdate date="2007-05-23" name=""/>
               <FRBRauthor href="#whowha" as="#author"/>
               <FRBRcountry value="un"/>
               <FRBRnumber value="wha60-12"/>
            </FRBRWork>
            <FRBRExpression>
               <FRBRthis value="/akn/un/statement/deliberation/whowha/2007-05-23/wha60-12/eng@/!main"/>
               <FRBRuri value="/akn/un/statement/deliberation/whowha/2007-05-23/wha60-12/eng@"/>
               <FRBRdate date="2007-05-23" name=""/>
               <FRBRauthor href="#whowha" as="#author"/>
               <FRBRlanguage language="eng"/>
            </FRBRExpression>
            <FRBRManifestation>
               <FRBRthis value="/akn/un/statement/deliberation/whowha/2007-05-23/wha60-12/eng@/!main.xml"/>
               <FRBRuri value="/akn/un/statement/deliberation/whowha/2007-05-23/wha60-12/eng@.xml"/>
               <FRBRdate date="2023-08-23" name=""/>
               <FRBRauthor href="#whowha" as="#author"/>
            </FRBRManifestation>
         </identification>
         <references source="#source">
            <TLCOrganization eId="wfpExecutiveBoard" href="/akn/ontology/organization/un/wfpExecutiveBoard" showAs="Executive Board"/>
            <TLCOrganization eId="worldHealthAssembly" href="/akn/ontology/organization/un/worldHealthAssembly" showAs="World Health Assembly"/>
            <TLCEvent href="/akn/ontology/event/whoha/eleventhPlenaryMeeting" eId="eleventhPlenaryMeeting" showAs="Eleventh plenary meeting"/>
            <TLCPerson eId="source" href="/akn/ontology/person/somebody" showAs="somebody"/>
         </references>
         <proprietary source="#source">
            <akn4un:session>WHA60</akn4un:session>
         </proprietary>
      </meta>
      <preface>
         <p>
            <docNumber>WHA60(12)</docNumber>
            <docTitle>Reports of the <organization refersTo="#wfpExecutiveBoard" eId="organization_1">Executive Board</organization> on its 118th, 119th and 120th sessions</docTitle>
         </p>
      </preface>
      <mainBody>
         <paragraph eId="para_1">
            <content eId="para_1__content">
               <p>
                  <inline name="#enactingFormula">The Sixtieth <organization refersTo="#worldHealthAssembly" eId="organization_2">World Health Assembly</organization>,</inline>
after reviewing the <organization refersTo="#wfpExecutiveBoard" eId="organization_3">Executive Board</organization>’s reports on its 118th, 119th and 120th sessions, <authorialNote marker="1" placement="bottom" eId="authorialNote_1">
                     <p>Document A60/2.</p>
                  </authorialNote> took note of the reports, commended the work the Board had performed; and expressed its appreciation of the dedication with which the Board had carried out the tasks entrusted to it.
</p>
            </content>
         </paragraph>
      </mainBody>
      <conclusions>
         <p>(<event refersTo="#eleventhPlenaryMeeting" eId="event_1">Eleventh plenary meeting</event>, <docDate date="2007-05-23">23 May 2007</docDate>)</p>
      </conclusions>
   </statement>
</akomaNtoso>