<?xml version="1.0" encoding="UTF-8"?>
<akomaNtoso xmlns:akn4un="http://un.org/metadata" xmlns:eLUNa="https://cms.unov.org/eLuna/2017/main" xmlns:html="http://www.w3.org/1999/xhtml" xmlns="http://docs.oasis-open.org/legaldocml/ns/akn/3.0">
   <statement name="decision">
      <meta>
         <identification source="#source">
            <FRBRWork>
               <FRBRthis value="/akn/un/statement/deliberation/whowha/2007-05-14/wha60-1/!main"/>
               <FRBRuri value="/akn/un/statement/deliberation/whowha/2007-05-14/wha60-1"/>
               <FRBRdate date="2007-05-14" name=""/>
               <FRBRauthor href="#whowha" as="#author"/>
               <FRBRcountry value="un"/>
               <FRBRnumber value="wha60-1"/>
            </FRBRWork>
            <FRBRExpression>
               <FRBRthis value="/akn/un/statement/deliberation/whowha/2007-05-14/wha60-1/eng@/!main"/>
               <FRBRuri value="/akn/un/statement/deliberation/whowha/2007-05-14/wha60-1/eng@"/>
               <FRBRdate date="2007-05-14" name=""/>
               <FRBRauthor href="#whowha" as="#author"/>
               <FRBRlanguage language="eng"/>
            </FRBRExpression>
            <FRBRManifestation>
               <FRBRthis value="/akn/un/statement/deliberation/whowha/2007-05-14/wha60-1/eng@/!main.xml"/>
               <FRBRuri value="/akn/un/statement/deliberation/whowha/2007-05-14/wha60-1/eng@.xml"/>
               <FRBRdate date="2023-08-23" name=""/>
               <FRBRauthor href="#whowha" as="#author"/>
            </FRBRManifestation>
         </identification>
         <references source="#source">
            <TLCOrganization eId="worldHealthAssembly" href="/akn/ontology/organization/un/worldHealthAssembly" showAs="World Health Assembly"/>
            <TLCOrganization eId="states" href="/akn/ontology/organization/un/states" showAs="States"/>
            <TLCOrganization eId="barbados" href="/akn/ontology/organization/un/barbados" showAs="Barbados"/>
            <TLCOrganization eId="guatemala" href="/akn/ontology/organization/un/guatemala" showAs="Guatemala"/>
            <TLCOrganization eId="kyrgyzstan" href="/akn/ontology/organization/un/kyrgyzstan" showAs="Kyrgyzstan"/>
            <TLCOrganization eId="lithuania" href="/akn/ontology/organization/un/lithuania" showAs="Lithuania"/>
            <TLCOrganization eId="monaco" href="/akn/ontology/organization/un/monaco" showAs="Monaco"/>
            <TLCOrganization eId="mongolia" href="/akn/ontology/organization/un/mongolia" showAs="Mongolia"/>
            <TLCOrganization eId="sierraLeone" href="/akn/ontology/organization/un/sierraLeone" showAs="Sierra Leone"/>
            <TLCOrganization eId="timor-leste" href="/akn/ontology/organization/un/timor-leste" showAs="Timor-Leste"/>
            <TLCOrganization eId="unitedArabEmirates" href="/akn/ontology/organization/un/unitedArabEmirates" showAs="United Arab Emirates"/>
            <TLCOrganization eId="vietNam" href="/akn/ontology/organization/un/vietNam" showAs="Viet Nam"/>
            <TLCEvent href="/akn/ontology/event/whoha/firstPlenaryMeeting" eId="firstPlenaryMeeting" showAs="First plenary meeting"/>
            <TLCPerson eId="source" href="/akn/ontology/person/somebody" showAs="somebody"/>
         </references>
         <proprietary source="#source">
            <akn4un:session>WHA60</akn4un:session>
         </proprietary>
      </meta>
      <preface>
         <p>
            <docNumber>WHA60(1)</docNumber>
            <docTitle>Composition of the Committee on Credentials</docTitle>
         </p>
      </preface>
      <mainBody>
         <paragraph eId="para_1">
            <content eId="para_1__content">
               <p>
                  <inline name="#enactingFormula">The Sixtieth <organization refersTo="#worldHealthAssembly" eId="organization_1">World Health Assembly</organization>
                  </inline>appointed a Committee on Credentials consisting of delegates of the following Member <organization refersTo="#states" eId="organization_2">States</organization>: <organization refersTo="#barbados" eId="organization_3">Barbados</organization>, Cape Verde, Central African Republic, <organization refersTo="#guatemala" eId="organization_4">Guatemala</organization>, <organization refersTo="#kyrgyzstan" eId="organization_5">Kyrgyzstan</organization>, <organization refersTo="#lithuania" eId="organization_6">Lithuania</organization>, <organization refersTo="#monaco" eId="organization_7">Monaco</organization>, <organization refersTo="#mongolia" eId="organization_8">Mongolia</organization>, <organization refersTo="#sierraLeone" eId="organization_9">Sierra Leone</organization>, <organization refersTo="#timor-leste" eId="organization_10">Timor-Leste</organization>, <organization refersTo="#unitedArabEmirates" eId="organization_11">United Arab Emirates</organization> and <organization refersTo="#vietNam" eId="organization_12">Viet Nam</organization>.
</p>
            </content>
         </paragraph>
      </mainBody>
      <conclusions>
         <p>(<event refersTo="#firstPlenaryMeeting" eId="event_1">First plenary meeting</event>, <docDate date="2007-05-14">14 May 2007</docDate>)</p>
      </conclusions>
   </statement>
</akomaNtoso>