<?xml version="1.0" encoding="UTF-8"?>
<akomaNtoso xmlns:akn4un="http://un.org/metadata" xmlns:eLUNa="https://cms.unov.org/eLuna/2017/main" xmlns:html="http://www.w3.org/1999/xhtml" xmlns="http://docs.oasis-open.org/legaldocml/ns/akn/3.0">
   <statement name="resolution">
      <meta>
         <identification source="#source">
            <FRBRWork>
               <FRBRthis value="/akn/un/statement/deliberation/whoeb/2018-01-23/eb142_r1/!main"/>
               <FRBRuri value="/akn/un/statement/deliberation/whoeb/2018-01-23/eb142_r1"/>
               <FRBRdate date="2018-01-23" name=""/>
               <FRBRauthor href="#whoeb" as="#author"/>
               <FRBRcountry value="un"/>
               <FRBRnumber value="eb142_r1"/>
            </FRBRWork>
            <FRBRExpression>
               <FRBRthis value="/akn/un/statement/deliberation/whoeb/2018-01-23/eb142_r1/eng@/!main"/>
               <FRBRuri value="/akn/un/statement/deliberation/whoeb/2018-01-23/eb142_r1/eng@"/>
               <FRBRdate date="2018-01-23" name=""/>
               <FRBRauthor href="#whoeb" as="#author"/>
               <FRBRlanguage language="eng"/>
            </FRBRExpression>
            <FRBRManifestation>
               <FRBRthis value="/akn/un/statement/deliberation/whoeb/2018-01-23/eb142_r1/eng@/!main.xml"/>
               <FRBRuri value="/akn/un/statement/deliberation/whoeb/2018-01-23/eb142_r1/eng@.xml"/>
               <FRBRdate date="2023-08-23" name=""/>
               <FRBRauthor href="#whoeb" as="#author"/>
            </FRBRManifestation>
         </identification>
         <references source="#source">
            <TLCOrganization eId="wfpExecutiveBoard" href="/akn/ontology/organization/un/wfpExecutiveBoard" showAs="Executive Board"/>
            <TLCOrganization eId="who" href="/akn/ontology/organization/un/who" showAs="World Health Organization"/>
            <TLCTerm eId="considering" href="/akn/ontology/term/considering" showAs="Considering"/>
            <TLCTerm eId="authorizes" href="/akn/ontology/term/authorizes" showAs="AUTHORIZES"/>
            <TLCOrganization eId="director-general" href="/akn/ontology/organization/un/director-general" showAs="Director-General"/>
            <TLCEvent href="/akn/ontology/event/whoha/thirdMeeting" eId="thirdMeeting" showAs="Third meeting"/>
            <TLCPerson eId="source" href="/akn/ontology/person/somebody" showAs="somebody"/>
         </references>
         <proprietary source="#source">
            <akn4un:session>EB142</akn4un:session>
         </proprietary>
      </meta>
      <preface>
         <p>
            <docNumber>EB142.R1</docNumber>
            <docTitle>Appointment of the Regional Directorfor the Americas <authorialNote marker="1" placement="bottom" eId="authorialNote_1">
                  <p>See Annex 5 for the financial and administrative implications for the Secretariat of the adoption of this resolution.</p>
               </authorialNote>
            </docTitle>
         </p>
      </preface>
      <preamble>
         <formula name="enactingFormula">
            <p>The <organization refersTo="#wfpExecutiveBoard" eId="organization_1">Executive Board</organization>,</p>
         </formula>
         <container name="considering">
            <p>
               <term refersTo="#considering" eId="term_1">Considering</term> the provisions of Article 52 of the Constitution of the <organization refersTo="#who" eId="organization_2">World Health Organization</organization>;</p>
         </container>
         <container name="considering">
            <p>
               <term refersTo="#considering" eId="term_2">Considering</term> the nomination made by the Regional Committee for the Americas at its sixty‑ninth session,</p>
         </container>
      </preamble>
      <mainBody>
         <paragraph eId="para_1">
            <num>1. </num>
            <content eId="para_1__content">
               <p>REAPPOINTS Dr Carissa Etienne as Regional Director for the Americas as from <date date="2018-02-01">1 February 2018</date>;</p>
            </content>
         </paragraph>
         <paragraph eId="para_2">
            <num>2. </num>
            <content eId="para_2__content">
               <p>
                  <term refersTo="#authorizes" eId="term_3">AUTHORIZES</term> the <organization refersTo="#director-general" eId="organization_3">Director-General</organization> to issue a contract to Dr Carissa Etienne for a period of five years as from 1 February 2018, subject to the provisions of the Staff Regulations and Staff Rules.</p>
            </content>
         </paragraph>
      </mainBody>
      <conclusions>
         <p>(<event refersTo="#thirdMeeting" eId="event_1">Third meeting</event>, <docDate date="2018-01-23">23 January 2018</docDate>)</p>
      </conclusions>
   </statement>
</akomaNtoso>