<?xml version="1.0" encoding="UTF-8"?>
<akomaNtoso xmlns:akn4un="http://un.org/metadata" xmlns:eLUNa="https://cms.unov.org/eLuna/2017/main" xmlns:html="http://www.w3.org/1999/xhtml" xmlns="http://docs.oasis-open.org/legaldocml/ns/akn/3.0">
   <statement name="resolution">
      <meta>
         <identification source="#source">
            <FRBRWork>
               <FRBRthis value="/akn/un/statement/deliberation/whoeb/2018-01-26/eb142_r8/!main"/>
               <FRBRuri value="/akn/un/statement/deliberation/whoeb/2018-01-26/eb142_r8"/>
               <FRBRdate date="2018-01-26" name=""/>
               <FRBRauthor href="#whoeb" as="#author"/>
               <FRBRcountry value="un"/>
               <FRBRnumber value="eb142_r8"/>
            </FRBRWork>
            <FRBRExpression>
               <FRBRthis value="/akn/un/statement/deliberation/whoeb/2018-01-26/eb142_r8/eng@/!main"/>
               <FRBRuri value="/akn/un/statement/deliberation/whoeb/2018-01-26/eb142_r8/eng@"/>
               <FRBRdate date="2018-01-26" name=""/>
               <FRBRauthor href="#whoeb" as="#author"/>
               <FRBRlanguage language="eng"/>
            </FRBRExpression>
            <FRBRManifestation>
               <FRBRthis value="/akn/un/statement/deliberation/whoeb/2018-01-26/eb142_r8/eng@/!main.xml"/>
               <FRBRuri value="/akn/un/statement/deliberation/whoeb/2018-01-26/eb142_r8/eng@.xml"/>
               <FRBRdate date="2023-08-23" name=""/>
               <FRBRauthor href="#whoeb" as="#author"/>
            </FRBRManifestation>
         </identification>
         <references source="#source">
            <TLCOrganization eId="wfpExecutiveBoard" href="/akn/ontology/organization/un/wfpExecutiveBoard" showAs="Executive Board"/>
            <TLCTerm eId="havingConsidered" href="/akn/ontology/term/havingConsidered" showAs="Having considered"/>
            <TLCTerm eId="recommends" href="/akn/ontology/term/recommends" showAs="RECOMMENDS"/>
            <TLCOrganization eId="worldHealthAssembly" href="/akn/ontology/organization/un/worldHealthAssembly" showAs="World Health Assembly"/>
            <TLCEvent href="/akn/ontology/event/whoha/twelfthMeeting" eId="twelfthMeeting" showAs="Twelfth meeting"/>
            <TLCPerson eId="source" href="/akn/ontology/person/somebody" showAs="somebody"/>
         </references>
         <proprietary source="#source">
            <akn4un:session>EB142</akn4un:session>
         </proprietary>
      </meta>
      <preface>
         <p>
            <docNumber>EB142.R8</docNumber>
            <docTitle>Deputy Directors-General 1</docTitle>
         </p>
      </preface>
      <preamble>
         <formula name="enactingFormula">
            <p>The <organization refersTo="#wfpExecutiveBoard" eId="organization_1">Executive Board</organization>,</p>
         </formula>
         <container name="havingConsidered">
            <p>
               <term refersTo="#havingConsidered" eId="term_1">Having considered</term> the report on amendments to the Staff Regulations and Staff Rules, 2</p>
         </container>
      </preamble>
      <mainBody>
         <paragraph eId="para_1">
            <content eId="para_1__content">
               <p>
                  <term refersTo="#recommends" eId="term_2">RECOMMENDS</term>, in accordance with Staff Regulation 12.1, to the Seventy-first <organization refersTo="#worldHealthAssembly" eId="organization_2">World Health Assembly</organization> the adoption of the following resolution: </p>
               <blockContainer>
                  <componentRef eId="para_1__component_1" src="#component_1" showAs="resolution"/>
               </blockContainer>
            </content>
         </paragraph>
      </mainBody>
      <conclusions>
         <p>(<event refersTo="#twelfthMeeting" eId="event_1">Twelfth meeting</event>, <docDate date="2018-01-26">26 January 2018</docDate>)</p>
      </conclusions>
      <components>
         <component eId="component_1">
            <statement name="resolution">
               <meta>
                  <identification source="#source">
                     <FRBRWork>
                        <FRBRthis value="/akn/un/statement/deliberation/whoeb/2018-01-26/eb142_r8/!main/!component_1"/>
                        <FRBRuri value="/akn/un/statement/deliberation/whoeb/2018-01-26/eb142_r8"/>
                        <FRBRdate date="2018-01-01" name=""/>
                        <FRBRauthor href="#whowha" as="#author"/>
                        <FRBRcountry value="un"/>
                        <FRBRnumber value="eb142_r8"/>
                     </FRBRWork>
                     <FRBRExpression>
                        <FRBRthis value="/akn/un/statement/deliberation/whoeb/2018-01-26/eb142_r8/eng@/!main"/>
                        <FRBRuri value="/akn/un/statement/deliberation/whoeb/2018-01-26/eb142_r8/eng@"/>
                        <FRBRdate date="2018-01-01" name=""/>
                        <FRBRauthor href="#whowha" as="#author"/>
                        <FRBRlanguage language="eng"/>
                     </FRBRExpression>
                     <FRBRManifestation>
                        <FRBRthis value="/akn/un/statement/deliberation/whoeb/2018-01-26/eb142_r8/eng@/!main.xml"/>
                        <FRBRuri value="/akn/un/statement/deliberation/whoeb/2018-01-26/eb142_r8/eng@.xml"/>
                        <FRBRdate date="2023-08-23" name=""/>
                        <FRBRauthor href="#whowha" as="#author"/>
                     </FRBRManifestation>
                  </identification>
                  <references source="#source">
                     <TLCOrganization eId="component_1__worldHealthAssembly" href="/akn/ontology/organization/un/worldHealthAssembly" showAs="World Health Assembly"/>
                     <TLCOrganization eId="component_1__wfpExecutiveBoard" href="/akn/ontology/organization/un/wfpExecutiveBoard" showAs="Executive Board"/>
                     <TLCTerm eId="component_1__noting" href="/akn/ontology/term/noting" showAs="Noting"/>
                     <TLCTerm eId="component_1__decides" href="/akn/ontology/term/decides" showAs="DECIDES"/>
                     <TLCPerson eId="component_1__source" href="/akn/ontology/person/somebody" showAs="somebody"/>
                  </references>
               </meta>
               <preface>
                  <p>The Seventy-first <organization refersTo="#component_1__worldHealthAssembly" eId="component_1__organization_1">World Health Assembly</organization>
                  </p>
               </preface>
               <preamble>
                  <p>,
</p>
                  <container name="noting">
                     <p>
                        <term refersTo="#component_1__noting" eId="component_1__term_1">Noting</term> the recommendations of the <organization refersTo="#component_1__wfpExecutiveBoard" eId="component_1__organization_2">Executive Board</organization> with regard to Articles I, III and IV of the Staff Regulations,</p>
                  </container>
               </preamble>
               <mainBody>
                  <paragraph eId="component_1__para_1">
                     <num>1. </num>
                     <content eId="component_1__para_1__content">
                        <p>ADOPTS the proposed amendments to Staff Regulations 1.11, 3.1 and 4.5;</p>
                     </content>
                  </paragraph>
                  <paragraph eId="component_1__para_2">
                     <num>2. </num>
                     <content eId="component_1__para_2__content">
                        <p>
                           <term refersTo="#component_1__decides" eId="component_1__term_2">DECIDES</term> that these amendments shall take effect from <date date="2018-01-01">1 January 2018</date>.</p>
                     </content>
                  </paragraph>
               </mainBody>
            </statement>
         </component>
      </components>
   </statement>
</akomaNtoso>